[{
  "_id": {
    "$oid": "65f438dad55de8fcb656651e"
  },
  "username": "RossFromHarvard",
  "postTitle": "Flowchart",
  "postContent": "Hello! I'm a frosh and I couldn't attend the orientation due to family circumstances. Is there any way for me to get a copy of the flowchart that they gave out? Thanks in adv!",
  "postTag": "Pre-Enlistment",
  "upvotes": [
    0
  ],
  "downvotes": [
    0
  ],
  "comments": [
    {
      "$oid": "65f43a06d55de8fcb656652e"
    },
    {
      "$oid": "65f43a1fd55de8fcb6566533"
    },
    {
      "$oid": "65f43a77d55de8fcb6566538"
    },
    {
      "$oid": "65f43a93d55de8fcb656653d"
    }
  ],
  "shares": [
    0
  ],
  "__v": 0
},
{
  "_id": {
    "$oid": "65f43914d55de8fcb6566521"
  },
  "username": "Zero",
  "postTitle": "Following the Flowchart",
  "postContent": "Is it possible to not follow the courses listed in the flowchart? or is it required?",
  "postTag": "Pre-Enlistment",
  "upvotes": [
    0
  ],
  "downvotes": [
    0
  ],
  "comments": [
    {
      "$oid": "65f43aacd55de8fcb6566544"
    },
    {
      "$oid": "65f43ac2d55de8fcb6566549"
    }
  ],
  "shares": [
    0
  ],
  "__v": 0
},
{
  "_id": {
    "$oid": "65f43938d55de8fcb6566524"
  },
  "username": "Anonymous",
  "postTitle": "Animo.sys Error",
  "postContent": "I've been stuck on the oracle thingy since earlier pls help",
  "postTag": "Pre-Enlistment",
  "upvotes": [
    0
  ],
  "downvotes": [
    0
  ],
  "comments": [
    {
      "$oid": "65f43ad1d55de8fcb656654f"
    },
    {
      "$oid": "65f43adbd55de8fcb6566554"
    }
  ],
  "shares": [
    0
  ],
  "__v": 0
},
{
  "_id": {
    "$oid": "65f4397bd55de8fcb6566527"
  },
  "username": "Anonymous",
  "postTitle": "Proof of Pre-Enlistment",
  "postContent": "do we have to send a proof of us pre-enlisting (like a screenshot or recording)?",
  "postTag": "Pre-Enlistment",
  "upvotes": [
    0
  ],
  "downvotes": [
    0
  ],
  "comments": [
    {
      "$oid": "65f43b09d55de8fcb656655b"
    }
  ],
  "shares": [
    0
  ],
  "__v": 0
},
{
  "_id": {
    "$oid": "65f439d1d55de8fcb656652a"
  },
  "username": "ti.san",
  "postTitle": "Pre-enlist Schedule",
  "postContent": "I currently can't access my fb account (yes, I got banned), so I can't check the USG page for updates. When can we start pre-enlisting and until when?",
  "postTag": "Pre-Enlistment",
  "upvotes": [
    0
  ],
  "downvotes": [
    0
  ],
  "comments": [],
  "shares": [
    0
  ],
  "__v": 0
},
{
  "_id": {
    "$oid": "65f43b60d55de8fcb6566562"
  },
  "username": "Anonymous",
  "postTitle": "WAITING TIME",
  "postContent": "bro i've been stuck in this queue for an hour already can someone please help? is this an internet thing or ganto talaga kabagal ;-;",
  "postTag": "Enlistment",
  "upvotes": [
    0
  ],
  "downvotes": [
    0
  ],
  "comments": [
    {
      "$oid": "65f43e00d55de8fcb6566583"
    },
    {
      "$oid": "65f43e1dd55de8fcb6566588"
    },
    {
      "$oid": "65f43e33d55de8fcb656658d"
    }
  ],
  "shares": [
    0
  ],
  "__v": 0
},
{
  "_id": {
    "$oid": "65f43bccd55de8fcb6566565"
  },
  "username": "mark",
  "postTitle": "Naunahan ako sa GESPORT >:((",
  "postContent": "I've been waiting for 2 hours to confirm my shopping cart. Tapos when I FINALLY get in, biglang mawawalan ako ng slot. AAAAAAA",
  "postTag": "Enlistment",
  "upvotes": [
    0
  ],
  "downvotes": [
    0
  ],
  "comments": [
    {
      "$oid": "65f43e3dd55de8fcb6566592"
    },
    {
      "$oid": "65f43e50d55de8fcb6566597"
    }
  ],
  "shares": [
    0
  ],
  "__v": 0
},
{
  "_id": {
    "$oid": "65f43bf2d55de8fcb6566568"
  },
  "username": "Anonymous",
  "postTitle": "Trade GERPHIS for GETEAMS",
  "postContent": "anyone willing to swap GEs? :3",
  "postTag": "Enlistment",
  "upvotes": [
    0
  ],
  "downvotes": [
    0
  ],
  "comments": [
    {
      "$oid": "65f43e64d55de8fcb656659c"
    }
  ],
  "shares": [
    0
  ],
  "__v": 0
},
{
  "_id": {
    "$oid": "65f43c58d55de8fcb656656b"
  },
  "username": "Anonymous",
  "postTitle": "Outdated Animo.sys",
  "postContent": "how long has it been since the last update on animo.sys? for a frosh, its pretty hard for me to navigate thru all the stuff here. not to mention the fact that the available class codes are in a different site (mls).",
  "postTag": "Enlistment",
  "upvotes": [
    0
  ],
  "downvotes": [
    0
  ],
  "comments": [
    {
      "$oid": "65f43e81d55de8fcb65665a1"
    },
    {
      "$oid": "65f43e8fd55de8fcb65665a6"
    },
    {
      "$oid": "65f43eb1d55de8fcb65665ab"
    }
  ],
  "shares": [
    0
  ],
  "__v": 0
},
{
  "_id": {
    "$oid": "65f43cbed55de8fcb656656e"
  },
  "username": "Anonymous",
  "postTitle": "LF STALGCM for CCAPDEV",
  "postContent": "i've been wanting to learn more about application development, so i'd like to hone my skills more before getting into STALGCM. can someone trade me a slot?",
  "postTag": "Enlistment",
  "upvotes": [
    0
  ],
  "downvotes": [
    0
  ],
  "comments": [],
  "shares": [
    0
  ],
  "__v": 0
},
{
  "_id": {
    "$oid": "65f43d5fd55de8fcb6566572"
  },
  "username": "Anonymous",
  "postTitle": "Where can I inquire about scholarships?",
  "postContent": "Is there a department/place in dlsu where I can ask for scholarship options in person?",
  "postTag": "Student Concerns",
  "upvotes": [
    0
  ],
  "downvotes": [
    0
  ],
  "comments": [
    {
      "$oid": "65f43f81d55de8fcb65665cf"
    },
    {
      "$oid": "65f43f95d55de8fcb65665d4"
    }
  ],
  "shares": [
    0
  ],
  "__v": 0
},
{
  "_id": {
    "$oid": "65f43d89d55de8fcb6566575"
  },
  "username": "Anonymous",
  "postTitle": "Henry Sy 6th",
  "postContent": "I heard that the library is a goated spot for chilling, what times should I head there for a spot?",
  "postTag": "Student Concerns",
  "upvotes": [
    0
  ],
  "downvotes": [
    0
  ],
  "comments": [
    {
      "$oid": "65f43fa8d55de8fcb65665dd"
    },
    {
      "$oid": "65f43fb9d55de8fcb65665e2"
    },
    {
      "$oid": "65f43fd1d55de8fcb65665e7"
    }
  ],
  "shares": [
    0
  ],
  "__v": 0
},
{
  "_id": {
    "$oid": "65f43d9cd55de8fcb6566578"
  },
  "username": "Anonymous",
  "postTitle": "Printing Services",
  "postContent": "san po pede magpaprint hehe",
  "postTag": "Student Concerns",
  "upvotes": [
    0
  ],
  "downvotes": [
    0
  ],
  "comments": [
    {
      "$oid": "65f43fead55de8fcb65665ec"
    }
  ],
  "shares": [
    0
  ],
  "__v": 0
},
{
  "_id": {
    "$oid": "65f43dbfd55de8fcb656657b"
  },
  "username": "Anonymous",
  "postTitle": "Cats",
  "postContent": "cats, yes, can i pet them?",
  "postTag": "Student Concerns",
  "upvotes": [
    0
  ],
  "downvotes": [
    0
  ],
  "comments": [
    {
      "$oid": "65f43ff0d55de8fcb65665f0"
    },
    {
      "$oid": "65f44042d55de8fcb65665f5"
    },
    {
      "$oid": "65f4405dd55de8fcb65665fa"
    }
  ],
  "shares": [
    0
  ],
  "__v": 0
},
{
  "_id": {
    "$oid": "65f43f33d55de8fcb65665bc"
  },
  "username": "BjMR",
  "postTitle": "Razon facilities",
  "postContent": "I wanna play TT here in DLSU! Can me and my friend use the tables on the 7th floor?",
  "postTag": "Student Concerns",
  "upvotes": [
    0
  ],
  "downvotes": [
    0
  ],
  "comments": [
    {
      "$oid": "65f43f49d55de8fcb65665c3"
    },
    {
      "$oid": "65f43f67d55de8fcb65665c8"
    }
  ],
  "shares": [
    0
  ],
  "__v": 0
}]