[{
  "_id": {
    "$oid": "65f43a06d55de8fcb656652e"
  },
  "username": "mark",
  "text": "yes! there's a drive for it actually. just message an officer in your dep's gc and i'm sure they'll gladly send u one :D",
  "__v": 0
},
{
  "_id": {
    "$oid": "65f43a1fd55de8fcb6566533"
  },
  "username": "Anonymous",
  "text": "samee ;-; i feel u bro",
  "__v": 0
},
{
  "_id": {
    "$oid": "65f43a77d55de8fcb6566538"
  },
  "username": "Anonymous",
  "text": "hi! ginawa ko, i also asked my friend who attended tapos sinend nya sakin ung drive link for the flowcharts. if u want i can send it over too :D",
  "__v": 0
},
{
  "_id": {
    "$oid": "65f43a93d55de8fcb656653d"
  },
  "username": "Anonymous",
  "text": "check mo dito: https://drive.google.com/drive/folders/16Mrqs7Xo5c4nvJpar3H5ar3TRaOtqFtq",
  "__v": 0
},
{
  "_id": {
    "$oid": "65f43aacd55de8fcb6566544"
  },
  "username": "Anonymous",
  "text": "nope, but its highly recommended that you follow it!",
  "__v": 0
},
{
  "_id": {
    "$oid": "65f43ac2d55de8fcb6566549"
  },
  "username": "Anonymous",
  "text": "imo mas ok kung sundan mo ung fc for ur dep :>",
  "__v": 0
},
{
  "_id": {
    "$oid": "65f43ad1d55de8fcb656654f"
  },
  "username": "Zero",
  "text": "yeah, its been like this for a while now",
  "__v": 0
},
{
  "_id": {
    "$oid": "65f43adbd55de8fcb6566554"
  },
  "username": "Anonymous",
  "text": "may maintenance daw or smt iirc",
  "__v": 0
},
{
  "_id": {
    "$oid": "65f43b09d55de8fcb656655b"
  },
  "username": "ti.san",
  "text": "You can submit your proof through the google forms that are being sent to your respective department's group chats.",
  "__v": 0
},
{
  "_id": {
    "$oid": "65f43e00d55de8fcb6566583"
  },
  "username": "Anonymous",
  "text": "OMS HAHAHAHAHAH SERVER ISSUE NA ATA YAN BRO",
  "__v": 0
},
{
  "_id": {
    "$oid": "65f43e1dd55de8fcb6566588"
  },
  "username": "RossFromHarvard",
  "text": "yeah, alot of people have been experiencing this during enlistment week",
  "__v": 0
},
{
  "_id": {
    "$oid": "65f43e33d55de8fcb656658d"
  },
  "username": "mark",
  "text": "id reco that u start waiting in line 1-2 hrs before ur enlistment time ",
  "__v": 0
},
{
  "_id": {
    "$oid": "65f43e3dd55de8fcb6566592"
  },
  "username": "Zero",
  "text": "lmao skill issue",
  "__v": 0
},
{
  "_id": {
    "$oid": "65f43e50d55de8fcb6566597"
  },
  "username": "ti.san",
  "text": "bruh sayang naman HAHAHAH naganto din ako last sem eh :((",
  "__v": 0
},
{
  "_id": {
    "$oid": "65f43e64d55de8fcb656659c"
  },
  "username": "BjMR",
  "text": "I am! pls pm me if ur still interested :>",
  "__v": 0
},
{
  "_id": {
    "$oid": "65f43e81d55de8fcb65665a1"
  },
  "username": "Anonymous",
  "text": "there are some guides on the FB USG page but yea i can see why ur confused",
  "__v": 0
},
{
  "_id": {
    "$oid": "65f43e8fd55de8fcb65665a6"
  },
  "username": "Anonymous",
  "text": "kaya nga eh HAHAHAHAH",
  "__v": 0
},
{
  "_id": {
    "$oid": "65f43eb1d55de8fcb65665ab"
  },
  "username": "BjMR",
  "text": "ngl id join if there was a project to make animo.sys better",
  "__v": 0
},
{
  "_id": {
    "$oid": "65f43f49d55de8fcb65665c3"
  },
  "username": "Zero",
  "text": "yeah! as long as no ones using them :)",
  "__v": 0
},
{
  "_id": {
    "$oid": "65f43f67d55de8fcb65665c8"
  },
  "username": "RossFromHarvard",
  "text": "can i join u guys when u play? ive looking to practice for our gesport practicals hahaha",
  "__v": 0
},
{
  "_id": {
    "$oid": "65f43f81d55de8fcb65665cf"
  },
  "username": "BjMR",
  "text": "You can ask around in the library I think",
  "__v": 0
},
{
  "_id": {
    "$oid": "65f43f95d55de8fcb65665d4"
  },
  "username": "Zero",
  "text": "Check out the USG office. I forgot where tho",
  "__v": 0
},
{
  "_id": {
    "$oid": "65f43fa8d55de8fcb65665dd"
  },
  "username": "Anonymous",
  "text": "around 1-3 might be a good time",
  "__v": 0
},
{
  "_id": {
    "$oid": "65f43fb9d55de8fcb65665e2"
  },
  "username": "Anonymous",
  "text": "just go there very early (7:00 or so if u dont have class)",
  "__v": 0
},
{
  "_id": {
    "$oid": "65f43fd1d55de8fcb65665e7"
  },
  "username": "Anonymous",
  "text": "yea parating puno dyan, gl, id say just find a spot in goks or andrew nalang :>",
  "__v": 0
},
{
  "_id": {
    "$oid": "65f43fead55de8fcb65665ec"
  },
  "username": "Anonymous",
  "text": "the library 6th has a printer for public use, just pay using gcash :)",
  "__v": 0
},
{
  "_id": {
    "$oid": "65f43ff0d55de8fcb65665f0"
  },
  "username": "mark",
  "text": "CATS",
  "__v": 0
},
{
  "_id": {
    "$oid": "65f44042d55de8fcb65665f5"
  },
  "username": "Zero",
  "text": "unfortunately not :(",
  "__v": 0
},
{
  "_id": {
    "$oid": "65f4405dd55de8fcb65665fa"
  },
  "username": "RossFromHarvard",
  "text": "bro asking the real questions",
  "__v": 0
}]