[{
  "_id": {
    "$oid": "65f4375fd55de8fcb656650e"
  },
  "email": "mike_ross@dlsu.edu.ph",
  "lastName": "Ross",
  "firstName": "Mike",
  "username": "RossFromHarvard",
  "password": "MikeR123",
  "__v": 0
},
{
  "_id": {
    "$oid": "65f43787d55de8fcb6566511"
  },
  "email": "mark_jester@dlsu.edu.ph",
  "lastName": "Estrada",
  "firstName": "Mark",
  "username": "mark",
  "password": "simplePassword123",
  "__v": 0
},
{
  "_id": {
    "$oid": "65f437bcd55de8fcb6566514"
  },
  "email": "tin_sanda@dlsu.edu.ph",
  "lastName": "Sanda",
  "firstName": "Tin",
  "username": "ti.san",
  "password": "santi0910",
  "__v": 0
},
{
  "_id": {
    "$oid": "65f43804d55de8fcb6566517"
  },
  "email": "bryle_maruga@dlsu.edu.ph",
  "lastName": "Maruga",
  "firstName": "Bryle Jan",
  "username": "BjMR",
  "password": "elizabethBestGirl00",
  "__v": 0
},
{
  "_id": {
    "$oid": "65f43876d55de8fcb656651a"
  },
  "email": "lamperouge_lelouch@dlsu.edu.ph",
  "lastName": "Lamperouge",
  "firstName": "Lelouch",
  "username": "Zero",
  "password": "indecipherablePassword098",
  "__v": 0
}]